{"cameraMode":{"drawMode":0,"name":"Shaded","section":"Shading Mode"},"sceneLighting":false,"audioPlay":false,"sceneViewState":{"m_AlwaysRefresh":false,"showFog":true,"showSkybox":false,"showFlares":true,"showImageEffects":true,"showParticleSystems":true,"showVisualEffectGraphs":true,"m_FxEnabled":true},"in2DMode":false,"pivot":{"x":-2.367032051086426,"y":-0.05697152763605118,"z":17.342300415039064},"rotation":{"x":-0.007759836036711931,"y":-0.9648489356040955,"z":0.2611282765865326,"w":-0.02867276780307293},"size":0.4330126941204071,"orthographic":false}