{"cameraMode":{"drawMode":0,"name":"Shaded","section":"Shading Mode"},"sceneLighting":true,"audioPlay":false,"sceneViewState":{"m_AlwaysRefresh":false,"showFog":true,"showSkybox":true,"showFlares":true,"showImageEffects":true,"showParticleSystems":true,"showVisualEffectGraphs":true,"m_FxEnabled":true},"in2DMode":false,"pivot":{"x":0.000005436266746983165,"y":2.024052858352661,"z":-1.8299789428710938},"rotation":{"x":-0.1527101993560791,"y":-0.000580769672524184,"z":0.00008964676089817658,"w":-0.9882726669311523},"size":9.925216674804688,"orthographic":false}