{"cameraMode":{"drawMode":0,"name":"Shaded","section":"Shading Mode"},"sceneLighting":true,"audioPlay":false,"sceneViewState":{"m_AlwaysRefresh":false,"showFog":true,"showSkybox":true,"showFlares":true,"showImageEffects":true,"showParticleSystems":true,"showVisualEffectGraphs":true,"m_FxEnabled":true},"in2DMode":false,"pivot":{"x":1.9631153345108033,"y":0.25316447019577029,"z":2.437784194946289},"rotation":{"x":-0.3049059212207794,"y":0.43532127141952517,"z":-0.15955112874507905,"w":-0.8319094181060791},"size":4.734638690948486,"orthographic":false}