{"cameraMode":{"drawMode":0,"name":"Shaded","section":"Shading Mode"},"sceneLighting":true,"audioPlay":false,"sceneViewState":{"m_AlwaysRefresh":false,"showFog":true,"showSkybox":true,"showFlares":true,"showImageEffects":true,"showParticleSystems":true,"showVisualEffectGraphs":true,"m_FxEnabled":true},"in2DMode":false,"pivot":{"x":0.3202867805957794,"y":0.5260917544364929,"z":2.611787796020508},"rotation":{"x":-0.007759836036711931,"y":-0.9648489356040955,"z":0.2611282765865326,"w":-0.02867276780307293},"size":0.8660253882408142,"orthographic":false}